cost_date,product_id,product_name,purchase_cost,storage_cost,transport_cost,return_cost,total_cost
2026-07-04,P003,Apple iPhone 11 64G 移动联通电信4G全网通手机 2020新款,984860,79230.4,101545.92,30463.78,1196100.1
2026-07-04,P018,Nintendo Switch任天堂 健身环大冒险游戏套装,205720.57,16682.05,29149.56,8744.87,260297.05
2026-07-04,P015,胖虎子安 路易威登 99新 公价10200 202103301613,3788.49,304.28,612,183.6,4888.37
2026-07-04,P038,胖虎子安 路易威登 99新 公价10200 992011270054,4004.22,321.54,611.55,183.46,5120.77
2026-07-04,P007,苹果 Apple iPhone 12 全网通5G,3107.9,249.83,401.85,120.56,3880.14
2026-07-04,P052,LA MER 海蓝之谜 经典精华面霜60ml,1232.98,101.04,185.88,55.76,1575.66
2026-07-04,P004,HG DZ D21374 机缘足金吊坠,573.91,47.11,53.34,16,690.36
2026-07-04,P021,维达棉韧抽取面巾3层M码100抽,37.59,4.21,3.59,1.08,46.47
2026-07-03,P019,中国黄金 财富金条 50克,59227.8,4745.42,7272,2181.6,73426.82
2026-07-03,P038,胖虎子安 路易威登 99新 公价10200 992011270054,44046.42,3536.91,6727.01,2018.1,56328.44
2026-07-03,P025,AB版撞色超声波可机洗夏被 LRT,13180.3,1168.42,1362.3,408.69,16119.71
2026-07-03,P014,中国黄金 投资金条 50克,11496.72,920.94,1242.74,372.82,14033.22
2026-07-03,P041,Apple iPhone 11移动联通电信4G手机 128G黑色,2497.06,200.96,292.8,87.84,3078.66
2026-07-03,P005,苹果Apple iPhone 11 全网通4G手机 双卡双待,2742.15,220.57,271.23,81.37,3315.32
2026-07-03,P058,蕾丝款色织提花四件套,1854.84,150.79,261.6,78.48,2345.71
2026-07-03,P042,鸭鸭羽绒服2020年新款女中长款过膝DSL06B0030,309.54,25.96,32.35,9.71,377.56
2026-07-03,P047,戴姆勒珊瑚绒毛巾,155.52,17.24,23.83,7.15,203.74
2026-07-03,P033,哆啦哈蕾艺术家系列拉拉裤,100.64,10.45,10.68,3.2,124.97
2026-07-03,P046,雪花秀润致焕活精华肌底液30ml全新保湿补水尝鲜装,61.02,6.08,5.64,1.69,74.43
2026-07-03,P027,精典泰迪医护级婴儿纸尿裤超薄透气尿不湿拉拉裤,53.09,5.45,5.34,1.6,65.48
2026-07-02,P008,Apple iPhone 11 移动联通电信4G手机,111956.16,9014.09,13821.12,4146.34,138937.71
2026-07-02,P007,苹果 Apple iPhone 12 全网通5G,59050.1,4746.81,7635.16,2290.55,73722.62
2026-07-02,P060,华为 HUAWEI Mate 40 RS 保时捷麒麟9000 8GB 256GB陶瓷白5G手机,52638,4220.64,4991.52,1497.46,63347.62
2026-07-02,P054,蒙牛 特仑苏纯牛奶250ml 16包 2箱,21344.22,2117.94,2421.36,726.41,26609.93
2026-07-02,P016,Apple iPhone 12 128GB 支持移动联通电信5G 双卡双待手机,3674.82,295.19,407.94,122.38,4500.33
2026-07-02,P009,后天气丹花献光彩紧颜系列礼盒7件套,2593.02,211.04,259.2,77.76,3141.02
2026-07-02,P036,高姿白金修斑焕白臻颜奢养套装 0926,1104.06,95.52,107.64,32.29,1339.51
2026-07-01,P005,苹果Apple iPhone 11 全网通4G手机 双卡双待,8226.45,661.72,813.7,244.11,9945.98
2026-07-01,P060,华为 HUAWEI Mate 40 RS 保时捷麒麟9000 8GB 256GB陶瓷白5G手机,6579.75,527.58,623.94,187.18,7918.45
2026-07-01,P016,Apple iPhone 12 128GB 支持移动联通电信5G 双卡双待手机,3674.82,295.19,407.94,122.38,4500.33
2026-07-01,P008,Apple iPhone 11 移动联通电信4G手机,2332.42,187.79,287.94,86.38,2894.53
2026-07-01,P004,HG DZ D21374 机缘足金吊坠,2295.64,188.45,213.36,64.01,2761.46
2026-07-01,P020,雪花秀限定明星润燥滋盈礼盒,383.58,31.89,53.4,16.02,484.89
2026-07-01,P036,高姿白金修斑焕白臻颜奢养套装 0926,368.02,31.84,35.88,10.76,446.5
2026-07-01,P023,维达棉韧抽取面巾3层M码100抽,99.64,12.77,14.38,4.31,131.1
2026-07-01,P026,JMsolution活性睡眠面霜系列,82.16,7.77,13.44,4.03,107.4
2026-07-01,P010,innisfree 悦诗风吟悦享鲜萃面膜深层补水持久保湿滋养柔嫩弹性,71.8,8.14,10.8,3.24,93.98
2026-07-01,P017,蒂佳婷面膜,37.76,5.42,4.44,1.33,48.95
2026-06-30,P060,华为 HUAWEI Mate 40 RS 保时捷麒麟9000 8GB 256GB陶瓷白5G手机,8389181.25,672664.5,795523.5,238657.05,10096026.3
2026-06-30,P057,苏泊尔304不锈钢高压锅悦提燃气电磁炉通用1 2 3人,49577.56,4295,6065.7,1819.71,61757.97
2026-06-30,P038,胖虎子安 路易威登 99新 公价10200 992011270054,36037.98,2893.84,5503.92,1651.18,46086.92
2026-06-30,P052,LA MER 海蓝之谜 经典精华面霜60ml,7397.88,606.23,1115.28,334.58,9453.97
2026-06-30,P037,A雅鹿 鄂尔多斯纯羊毛六斤秋冬双人被,4099.68,332.77,453.12,135.94,5021.51
2026-06-30,P029,Ubras All in Time无尺码通勤小花漾文胸VII,3120,279.6,398,119.4,3917
2026-06-30,P018,Nintendo Switch任天堂 健身环大冒险游戏套装,2200.22,178.42,311.76,93.53,2783.93
2026-06-30,P041,Apple iPhone 11移动联通电信4G手机 128G黑色,2497.06,200.96,292.8,87.84,3078.66
2026-06-30,P032,AOEO阿纯生日会421大套盒,2284.52,187.56,263.52,79.06,2814.66
2026-06-30,P036,高姿白金修斑焕白臻颜奢养套装 0926,736.04,63.68,71.76,21.53,893.01
2026-06-30,P049,后天气丹7件套348ml,458.5,37.88,47.7,14.31,558.39
2026-06-30,P050,Y04942 碧缘S925银镶碧玉圆珠吊坠,364.39,30.35,35.94,10.78,441.46
2026-06-30,P055,阿迪达斯官方 adidas 女运动型格梭织长裤DY8696,184.32,19.55,23.76,7.13,234.76
2026-06-30,P027,精典泰迪医护级婴儿纸尿裤超薄透气尿不湿拉拉裤,106.18,10.89,10.68,3.2,130.95
2026-06-30,P030,蒂佳婷面膜,53.63,5.49,8.7,2.61,70.43
2026-06-30,P002,小南瓜电煮锅宿舍学生锅家用多功能一体锅火锅电炒锅炒菜煮面小锅,54.29,5.54,5.94,1.78,67.55
2026-06-29,P020,雪花秀限定明星润燥滋盈礼盒,105868.08,8800.65,14738.4,4421.52,133828.65
2026-06-29,P006,Apple iPhone 11 64G 移动联通电信4G全网通手机,16830.84,1353.67,1655.64,496.69,20336.84
2026-06-29,P014,中国黄金 投资金条 50克,11496.72,920.94,1242.74,372.82,14033.22
2026-06-29,P038,胖虎子安 路易威登 99新 公价10200 992011270054,4004.22,321.54,611.55,183.46,5120.77
2026-06-29,P057,苏泊尔304不锈钢高压锅悦提燃气电磁炉通用1 2 3人,3075.98,266.48,376.34,112.9,3831.7
2026-06-29,P042,鸭鸭羽绒服2020年新款女中长款过膝DSL06B0030,3095.4,259.63,323.5,97.05,3775.58
2026-06-29,P049,后天气丹7件套348ml,917,75.76,95.4,28.62,1116.78
2026-06-29,P052,LA MER 海蓝之谜 经典精华面霜60ml,616.49,50.52,92.94,27.88,787.83
2026-06-29,P028,SK II 旅行必备套装,884.3,76.74,89.7,26.91,1077.65
2026-06-29,P013,雪花秀明星润燥滋盈礼盒定制版拍1到手共22件,498.85,41.11,53.4,16.02,609.38
2026-06-29,P043,第七代雅诗兰黛小棕瓶精华100ml,396.66,32.93,49.73,14.92,494.24
2026-06-29,P039,erke 鸿星尔克男女情侣款中帮男板鞋休闲鞋11120203531 XM,97.58,9.01,14.94,4.48,126.01
2026-06-29,P025,AB版撞色超声波可机洗夏被 LRT,138.74,12.3,14.34,4.3,169.68
2026-06-29,P044,雪中飞亮面羽绒服 X91247009F,104.49,9.56,11.94,3.58,129.57
2026-06-29,P055,阿迪达斯官方 adidas 女运动型格梭织长裤DY8696,92.16,9.77,11.88,3.56,117.37
2026-06-29,P023,维达棉韧抽取面巾3层M码100抽,74.73,9.58,10.78,3.23,98.32
2026-06-29,P002,小南瓜电煮锅宿舍学生锅家用多功能一体锅火锅电炒锅炒菜煮面小锅,54.29,5.54,5.94,1.78,67.55
2026-06-29,P033,哆啦哈蕾艺术家系列拉拉裤,50.32,5.23,5.34,1.6,62.49
2026-06-28,P038,胖虎子安 路易威登 99新 公价10200 992011270054,44046.42,3536.91,6727.01,2018.1,56328.44
2026-06-28,P056,ZXY 习酒国典白酒 500ML,39631,3200.48,4497,1349.1,48677.58
2026-06-28,P032,AOEO阿纯生日会421大套盒,26271.98,2156.96,3030.48,909.14,32368.56
2026-06-28,P060,华为 HUAWEI Mate 40 RS 保时捷麒麟9000 8GB 256GB陶瓷白5G手机,13159.5,1055.16,1247.88,374.36,15836.9
2026-06-28,P037,A雅鹿 鄂尔多斯纯羊毛六斤秋冬双人被,2049.84,166.39,226.56,67.97,2510.76
2026-06-28,P050,Y04942 碧缘S925银镶碧玉圆珠吊坠,728.78,60.7,71.88,21.56,882.92
2026-06-28,P057,苏泊尔304不锈钢高压锅悦提燃气电磁炉通用1 2 3人,180.94,15.68,22.14,6.64,225.4
2026-06-28,P029,Ubras All in Time无尺码通勤小花漾文胸VII,124.8,11.18,15.92,4.78,156.68
2026-06-28,P025,AB版撞色超声波可机洗夏被 LRT,138.74,12.3,14.34,4.3,169.68
2026-06-27,P009,后天气丹花献光彩紧颜系列礼盒7件套,860882.64,70065.81,86054.4,25816.32,1042819.17
2026-06-27,P007,苹果 Apple iPhone 12 全网通5G,525235.1,42221.61,67912.75,20373.83,655743.29
2026-06-27,P059,小米1 5匹新一级巨省电变频静音睡眠版挂机家用空调KFR 35GW S1A1,507170.67,41110.05,58977.18,17693.15,624951.05
2026-06-27,P011,抗蓝光眼霜 小棕瓶套装,5364.85,435.19,705,211.5,6716.54
2026-06-27,P038,胖虎子安 路易威登 99新 公价10200 992011270054,4004.22,321.54,611.55,183.46,5120.77
2026-06-27,P012,Apple iPhone 11 128G 移动联通电信4G全网通手机 2020新款,2423.35,195.07,263.86,79.16,2961.44
2026-06-27,P040,贵州茅台 飞天茅台白酒 酱香型 500ml,2292.88,184.63,239.88,71.97,2789.36
2026-06-27,P021,维达棉韧抽取面巾3层M码100抽,714.21,79.94,68.29,20.49,882.93
2026-06-27,P004,HG DZ D21374 机缘足金吊坠,573.91,47.11,53.34,16,690.36
2026-06-27,P043,第七代雅诗兰黛小棕瓶精华100ml,396.66,32.93,49.73,14.92,494.24
2026-06-27,P033,哆啦哈蕾艺术家系列拉拉裤,251.6,26.13,26.7,8.01,312.44
2026-06-27,P035,鸭鸭2020新款羽绒服男短款加厚保暖DSB07A0030,198.9,18.31,23.88,7.16,248.25
2026-06-27,P027,精典泰迪医护级婴儿纸尿裤超薄透气尿不湿拉拉裤,106.18,10.89,10.68,3.2,130.95
2026-06-26,P031,HG DZ D21372 鲸波足金吊坠,406600.72,33360.86,39099.96,11729.99,490791.53
2026-06-26,P041,Apple iPhone 11移动联通电信4G手机 128G黑色,172297.14,13866.57,20203.2,6060.96,212427.87
2026-06-26,P045,苹果Apple iPhone 12 5G手机 128G版本,4951.96,398.56,647.88,194.36,6192.76
2026-06-26,P040,贵州茅台 飞天茅台白酒 酱香型 500ml,4585.76,369.26,479.77,143.93,5578.72
2026-06-26,P032,AOEO阿纯生日会421大套盒,2855.65,234.45,329.4,98.82,3518.32
2026-06-26,P037,A雅鹿 鄂尔多斯纯羊毛六斤秋冬双人被,1024.92,83.19,113.28,33.98,1255.37
2026-06-26,P022,后天气丹花献光彩紧颜系列7件套,884.75,71.98,95.4,28.62,1080.75
2026-06-26,P050,Y04942 碧缘S925银镶碧玉圆珠吊坠,364.39,30.35,35.94,10.78,441.46
2026-06-26,P051,WIS水润面膜 补水保湿玻尿酸清洁,35.59,4.05,5.39,1.62,46.65
2026-06-26,P021,维达棉韧抽取面巾3层M码100抽,37.59,4.21,3.59,1.08,46.47
2026-06-25,P038,胖虎子安 路易威登 99新 公价10200 992011270054,36037.98,2893.84,5503.92,1651.18,46086.92
2026-06-25,P019,中国黄金 财富金条 50克,9871.3,790.9,1212,363.6,12237.8
2026-06-25,P003,Apple iPhone 11 64G 移动联通电信4G全网通手机 2020新款,5352.5,430.6,551.88,165.56,6500.54
2026-06-25,P030,蒂佳婷面膜,1769.79,181.18,287.1,86.13,2324.2
2026-06-25,P021,维达棉韧抽取面巾3层M码100抽,977.34,109.39,93.44,28.03,1208.2
2026-06-25,P052,LA MER 海蓝之谜 经典精华面霜60ml,616.49,50.52,92.94,27.88,787.83
2026-06-25,P050,Y04942 碧缘S925银镶碧玉圆珠吊坠,728.78,60.7,71.88,21.56,882.92
2026-06-25,P013,雪花秀明星润燥滋盈礼盒定制版拍1到手共22件,498.85,41.11,53.4,16.02,609.38
2026-06-25,P043,第七代雅诗兰黛小棕瓶精华100ml,396.66,32.93,49.73,14.92,494.24
2026-06-25,P049,后天气丹7件套348ml,458.5,37.88,47.7,14.31,558.39
2026-06-25,P024,JMsolution玻尿酸水乳套盒,267.93,22.63,35.94,10.78,337.28
2026-06-25,P036,高姿白金修斑焕白臻颜奢养套装 0926,368.02,31.84,35.88,10.76,446.5
2026-06-25,P035,鸭鸭2020新款羽绒服男短款加厚保暖DSB07A0030,99.45,9.16,11.94,3.58,124.13
2026-06-25,P002,小南瓜电煮锅宿舍学生锅家用多功能一体锅火锅电炒锅炒菜煮面小锅,108.58,11.09,11.88,3.56,135.11
2026-06-25,P055,阿迪达斯官方 adidas 女运动型格梭织长裤DY8696,46.08,4.89,5.94,1.78,58.69
2026-06-24,P040,贵州茅台 飞天茅台白酒 酱香型 500ml,676399.6,54465.97,70765.84,21229.75,822861.16
2026-06-24,P045,苹果Apple iPhone 12 5G手机 128G版本,321877.4,25906.19,42112.2,12633.66,402529.45
2026-06-24,P048,苹果 Apple iPhone 11 128GB 新包装,123808.72,9971.9,14915.04,4474.51,153170.17
2026-06-24,P014,中国黄金 投资金条 50克,45986.88,3683.75,4970.98,1491.29,56132.9
2026-06-24,P050,Y04942 碧缘S925银镶碧玉圆珠吊坠,23685.35,1972.83,2336.1,700.83,28695.11
2026-06-24,P024,JMsolution玻尿酸水乳套盒,1607.58,135.81,215.64,64.69,2023.72
2026-06-24,P022,后天气丹花献光彩紧颜系列7件套,1769.5,143.96,190.8,57.24,2161.5
2026-06-24,P011,抗蓝光眼霜 小棕瓶套装,1072.97,87.04,141,42.3,1343.31
2026-06-24,P031,HG DZ D21372 鲸波足金吊坠,585.88,48.07,56.34,16.9,707.19
2026-06-24,P020,雪花秀限定明星润燥滋盈礼盒,383.58,31.89,53.4,16.02,484.89
2026-06-24,P053,威露士洗衣液2L 2 500ml 4 300g 1L 60ml 4,249.1,25.93,26.97,8.09,310.09
2026-06-24,P057,苏泊尔304不锈钢高压锅悦提燃气电磁炉通用1 2 3人,180.94,15.68,22.14,6.64,225.4
2026-06-24,P035,鸭鸭2020新款羽绒服男短款加厚保暖DSB07A0030,99.45,9.16,11.94,3.58,124.13
2026-06-24,P047,戴姆勒珊瑚绒毛巾,77.76,8.62,11.92,3.57,101.87
2026-06-24,P021,维达棉韧抽取面巾3层M码100抽,37.59,4.21,3.59,1.08,46.47
2026-06-23,P015,胖虎子安 路易威登 99新 公价10200 202103301613,162905.07,13084.01,26316,7894.8,210199.88
2026-06-23,P001,Apple iPhone 11 128G 移动联通电信4G全网通手机 2020新款,10233.72,825.9,1655.64,496.69,13211.95
2026-06-23,P005,苹果Apple iPhone 11 全网通4G手机 双卡双待,8226.45,661.72,813.7,244.11,9945.98
2026-06-23,P060,华为 HUAWEI Mate 40 RS 保时捷麒麟9000 8GB 256GB陶瓷白5G手机,6579.75,527.58,623.94,187.18,7918.45
2026-06-23,P003,Apple iPhone 11 64G 移动联通电信4G全网通手机 2020新款,5352.5,430.6,551.88,165.56,6500.54
2026-06-23,P018,Nintendo Switch任天堂 健身环大冒险游戏套装,2200.22,178.42,311.76,93.53,2783.93
2026-06-23,P022,后天气丹花献光彩紧颜系列7件套,884.75,71.98,95.4,28.62,1080.75
2026-06-23,P021,维达棉韧抽取面巾3层M码100抽,413.49,46.28,39.53,11.86,511.16
2026-06-23,P028,SK II 旅行必备套装,353.72,30.7,35.88,10.76,431.06
2026-06-23,P029,Ubras All in Time无尺码通勤小花漾文胸VII,124.8,11.18,15.92,4.78,156.68
2026-06-23,P047,戴姆勒珊瑚绒毛巾,38.88,4.31,5.96,1.79,50.94
2026-06-23,P055,阿迪达斯官方 adidas 女运动型格梭织长裤DY8696,46.08,4.89,5.94,1.78,58.69
2026-06-23,P010,innisfree 悦诗风吟悦享鲜萃面膜深层补水持久保湿滋养柔嫩弹性,35.9,4.07,5.4,1.62,46.99
2026-06-22,P011,抗蓝光眼霜 小棕瓶套装,23605.34,1914.83,3102,930.6,29552.77
2026-06-22,P060,华为 HUAWEI Mate 40 RS 保时捷麒麟9000 8GB 256GB陶瓷白5G手机,13159.5,1055.16,1247.88,374.36,15836.9
2026-06-22,P056,ZXY 习酒国典白酒 500ML,6340.96,512.08,719.52,215.86,7788.42
2026-06-22,P031,HG DZ D21372 鲸波足金吊坠,5272.92,432.63,507.06,152.12,6364.73
2026-06-22,P040,贵州茅台 飞天茅台白酒 酱香型 500ml,4585.76,369.26,479.77,143.93,5578.72
2026-06-22,P012,Apple iPhone 11 128G 移动联通电信4G全网通手机 2020新款,2423.35,195.07,263.86,79.16,2961.44
2026-06-22,P020,雪花秀限定明星润燥滋盈礼盒,383.58,31.89,53.4,16.02,484.89
2026-06-22,P002,小南瓜电煮锅宿舍学生锅家用多功能一体锅火锅电炒锅炒菜煮面小锅,434.32,44.35,47.52,14.26,540.45
2026-06-22,P053,威露士洗衣液2L 2 500ml 4 300g 1L 60ml 4,99.64,10.37,10.79,3.24,124.04
2026-06-22,P017,蒂佳婷面膜,18.88,2.71,2.22,0.67,24.48
2026-06-21,P015,胖虎子安 路易威登 99新 公价10200 202103301613,3788.49,304.28,612,183.6,4888.37
2026-06-21,P001,Apple iPhone 11 128G 移动联通电信4G全网通手机 2020新款,1705.62,137.65,275.94,82.78,2201.99
2026-06-21,P055,阿迪达斯官方 adidas 女运动型格梭织长裤DY8696,1382.4,146.59,178.2,53.46,1760.65
2026-06-21,P044,雪中飞亮面羽绒服 X91247009F,940.41,86.03,107.46,32.24,1166.14
2026-06-21,P020,雪花秀限定明星润燥滋盈礼盒,383.58,31.89,53.4,16.02,484.89
2026-06-21,P010,innisfree 悦诗风吟悦享鲜萃面膜深层补水持久保湿滋养柔嫩弹性,35.9,4.07,5.4,1.62,46.99
2026-06-20,P016,Apple iPhone 12 128GB 支持移动联通电信5G 双卡双待手机,128618.7,10331.5,14277.9,4283.37,157511.47
2026-06-20,P027,精典泰迪医护级婴儿纸尿裤超薄透气尿不湿拉拉裤,103100.78,10578.46,10370.28,3111.08,127160.6
2026-06-20,P014,中国黄金 投资金条 50克,11496.72,920.94,1242.74,372.82,14033.22
2026-06-20,P038,胖虎子安 路易威登 99新 公价10200 992011270054,8008.44,643.08,1223.09,366.93,10241.54
2026-06-20,P007,苹果 Apple iPhone 12 全网通5G,6215.8,499.66,803.7,241.11,7760.27
2026-06-20,P034,胶原蛋白果味饮料50ml10瓶 盒 5,4462.32,366.59,647.04,194.11,5670.06
2026-06-20,P041,Apple iPhone 11移动联通电信4G手机 128G黑色,4994.12,401.93,585.6,175.68,6157.33
2026-06-20,P049,后天气丹7件套348ml,458.5,37.88,47.7,14.31,558.39
2026-06-20,P035,鸭鸭2020新款羽绒服男短款加厚保暖DSB07A0030,198.9,18.31,23.88,7.16,248.25
2026-06-20,P021,维达棉韧抽取面巾3层M码100抽,225.54,25.24,21.56,6.47,278.81
2026-06-20,P026,JMsolution活性睡眠面霜系列,82.16,7.77,13.44,4.03,107.4
2026-06-19,P011,抗蓝光眼霜 小棕瓶套装,332620.7,26981.66,43710,13113,416425.36
2026-06-19,P014,中国黄金 投资金条 50克,149457.36,11972.19,16155.68,4846.7,182431.93
2026-06-19,P009,后天气丹花献光彩紧颜系列礼盒7件套,142616.1,11607.29,14256,4276.8,172756.19
2026-06-19,P001,Apple iPhone 11 128G 移动联通电信4G全网通手机 2020新款,78458.52,6331.88,12693.24,3807.97,101291.61
2026-06-19,P010,innisfree 悦诗风吟悦享鲜萃面膜深层补水持久保湿滋养柔嫩弹性,66127.8,7500.62,9947.91,2984.37,86560.7
2026-06-19,P059,小米1 5匹新一级巨省电变频静音睡眠版挂机家用空调KFR 35GW S1A1,60134.33,4874.35,6992.82,2097.85,74099.35
2026-06-19,P008,Apple iPhone 11 移动联通电信4G手机,39651.14,3192.49,4894.98,1468.49,49207.1
2026-06-19,P060,华为 HUAWEI Mate 40 RS 保时捷麒麟9000 8GB 256GB陶瓷白5G手机,19739.25,1582.74,1871.82,561.55,23755.36
2026-06-19,P040,贵州茅台 飞天茅台白酒 酱香型 500ml,13757.28,1107.78,1439.31,431.79,16736.16
2026-06-19,P036,高姿白金修斑焕白臻颜奢养套装 0926,13800.75,1194.06,1345.5,403.65,16743.96
2026-06-19,P048,苹果 Apple iPhone 11 128GB 新包装,8843.48,712.28,1065.36,319.61,10940.73
2026-06-19,P024,JMsolution玻尿酸水乳套盒,4018.95,339.52,539.11,161.73,5059.31
2026-06-19,P022,后天气丹花献光彩紧颜系列7件套,3539,287.92,381.6,114.48,4323
2026-06-19,P037,A雅鹿 鄂尔多斯纯羊毛六斤秋冬双人被,1024.92,83.19,113.28,33.98,1255.37
2026-06-19,P002,小南瓜电煮锅宿舍学生锅家用多功能一体锅火锅电炒锅炒菜煮面小锅,651.48,66.52,71.28,21.38,810.66
2026-06-19,P043,第七代雅诗兰黛小棕瓶精华100ml,396.66,32.93,49.73,14.92,494.24
2026-06-19,P047,戴姆勒珊瑚绒毛巾,77.76,8.62,11.92,3.57,101.87
2026-06-18,P008,Apple iPhone 11 移动联通电信4G手机,125950.68,10140.85,15548.76,4664.63,156304.92
2026-06-18,P042,鸭鸭羽绒服2020年新款女中长款过膝DSL06B0030,57574.44,4829.16,6017.14,1805.14,70225.88
2026-06-18,P015,胖虎子安 路易威登 99新 公价10200 202103301613,7576.98,608.56,1224,367.2,9776.74
2026-06-18,P007,苹果 Apple iPhone 12 全网通5G,3107.9,249.83,401.85,120.56,3880.14
2026-06-18,P048,苹果 Apple iPhone 11 128GB 新包装,2210.87,178.07,266.34,79.9,2735.18
2026-06-18,P012,Apple iPhone 11 128G 移动联通电信4G全网通手机 2020新款,2423.35,195.07,263.86,79.16,2961.44
2026-06-18,P031,HG DZ D21372 鲸波足金吊坠,585.88,48.07,56.34,16.9,707.19
2026-06-18,P036,高姿白金修斑焕白臻颜奢养套装 0926,552.03,47.76,53.82,16.15,669.76
2026-06-18,P030,蒂佳婷面膜,53.63,5.49,8.7,2.61,70.43
2026-06-18,P047,戴姆勒珊瑚绒毛巾,38.88,4.31,5.96,1.79,50.94
2026-06-17,P060,华为 HUAWEI Mate 40 RS 保时捷麒麟9000 8GB 256GB陶瓷白5G手机,1572560.25,126091.62,149121.66,44736.5,1892510.03
2026-06-17,P058,蕾丝款色织提花四件套,74193.6,6031.49,10464,3139.2,93828.29
2026-06-17,P042,鸭鸭羽绒服2020年新款女中长款过膝DSL06B0030,2476.32,207.71,258.8,77.64,3020.47
2026-06-17,P026,JMsolution活性睡眠面霜系列,328.64,31.09,53.76,16.13,429.62
2026-06-17,P025,AB版撞色超声波可机洗夏被 LRT,277.48,24.6,28.68,8.6,339.36
2026-06-16,P001,Apple iPhone 11 128G 移动联通电信4G全网通手机 2020新款,10233.72,825.9,1655.64,496.69,13211.95
2026-06-16,P014,中国黄金 投资金条 50克,11496.72,920.94,1242.74,372.82,14033.22
2026-06-16,P015,胖虎子安 路易威登 99新 公价10200 202103301613,3788.49,304.28,612,183.6,4888.37
2026-06-16,P008,Apple iPhone 11 移动联通电信4G手机,4664.84,375.59,575.88,172.76,5789.07
2026-06-16,P022,后天气丹花献光彩紧颜系列7件套,3539,287.92,381.6,114.48,4323
2026-06-16,P041,Apple iPhone 11移动联通电信4G手机 128G黑色,2497.06,200.96,292.8,87.84,3078.66
2026-06-16,P005,苹果Apple iPhone 11 全网通4G手机 双卡双待,2742.15,220.57,271.23,81.37,3315.32
2026-06-16,P056,ZXY 习酒国典白酒 500ML,1585.24,128.02,179.88,53.96,1947.1
2026-06-16,P013,雪花秀明星润燥滋盈礼盒定制版拍1到手共22件,997.7,82.22,106.79,32.04,1218.75
2026-06-16,P053,威露士洗衣液2L 2 500ml 4 300g 1L 60ml 4,348.74,36.3,37.76,11.33,434.13
2026-06-16,P023,维达棉韧抽取面巾3层M码100抽,199.28,25.54,28.75,8.63,262.2
2026-06-16,P035,鸭鸭2020新款羽绒服男短款加厚保暖DSB07A0030,99.45,9.16,11.94,3.58,124.13
2026-06-16,P002,小南瓜电煮锅宿舍学生锅家用多功能一体锅火锅电炒锅炒菜煮面小锅,54.29,5.54,5.94,1.78,67.55
2026-06-15,P060,华为 HUAWEI Mate 40 RS 保时捷麒麟9000 8GB 256GB陶瓷白5G手机,13159.5,1055.16,1247.88,374.36,15836.9
2026-06-15,P016,Apple iPhone 12 128GB 支持移动联通电信5G 双卡双待手机,7349.64,590.37,815.88,244.76,9000.65
2026-06-15,P001,Apple iPhone 11 128G 移动联通电信4G全网通手机 2020新款,1705.62,137.65,275.94,82.78,2201.99
2026-06-15,P052,LA MER 海蓝之谜 经典精华面霜60ml,1232.98,101.04,185.88,55.76,1575.66
2026-06-15,P009,后天气丹花献光彩紧颜系列礼盒7件套,864.34,70.35,86.4,25.92,1047.01
2026-06-15,P017,蒂佳婷面膜,490.88,70.47,57.72,17.32,636.39
2026-06-15,P004,HG DZ D21374 机缘足金吊坠,573.91,47.11,53.34,16,690.36
2026-06-15,P043,第七代雅诗兰黛小棕瓶精华100ml,396.66,32.93,49.73,14.92,494.24
2026-06-15,P044,雪中飞亮面羽绒服 X91247009F,313.47,28.68,35.82,10.75,388.72
2026-06-15,P051,WIS水润面膜 补水保湿玻尿酸清洁,71.18,8.09,10.79,3.24,93.3
2026-06-14,P038,胖虎子安 路易威登 99新 公价10200 992011270054,76080.18,6109.21,11619.38,3485.81,97294.58
2026-06-14,P011,抗蓝光眼霜 小棕瓶套装,20386.43,1653.71,2679,803.7,25522.84
2026-06-14,P016,Apple iPhone 12 128GB 支持移动联通电信5G 双卡双待手机,22048.92,1771.11,2447.64,734.29,27001.96
2026-06-14,P043,第七代雅诗兰黛小棕瓶精华100ml,396.66,32.93,49.73,14.92,494.24
2026-06-14,P051,WIS水润面膜 补水保湿玻尿酸清洁,106.77,12.14,16.18,4.85,139.94
2026-06-14,P033,哆啦哈蕾艺术家系列拉拉裤,150.96,15.68,16.02,4.81,187.47
2026-06-14,P023,维达棉韧抽取面巾3层M码100抽,24.91,3.19,3.59,1.08,32.77
2026-06-13,P059,小米1 5匹新一级巨省电变频静音睡眠版挂机家用空调KFR 35GW S1A1,49922.84,4046.63,5805.36,1741.61,61516.44
2026-06-13,P024,JMsolution玻尿酸水乳套盒,36170.55,3055.64,4851.98,1455.59,45533.76
2026-06-13,P049,后天气丹7件套348ml,22008,1818.24,2289.6,686.88,26802.72
2026-06-13,P014,中国黄金 投资金条 50克,11496.72,920.94,1242.74,372.82,14033.22
2026-06-13,P040,贵州茅台 飞天茅台白酒 酱香型 500ml,11464.4,923.15,1199.42,359.83,13946.8
2026-06-13,P005,苹果Apple iPhone 11 全网通4G手机 双卡双待,8226.45,661.72,813.7,244.11,9945.98
2026-06-13,P036,高姿白金修斑焕白臻颜奢养套装 0926,8096.44,700.52,789.36,236.81,9823.13
2026-06-13,P016,Apple iPhone 12 128GB 支持移动联通电信5G 双卡双待手机,3674.82,295.19,407.94,122.38,4500.33
2026-06-13,P047,戴姆勒珊瑚绒毛巾,2099.52,232.76,321.73,96.52,2750.53
2026-06-13,P025,AB版撞色超声波可机洗夏被 LRT,1803.62,159.89,186.42,55.93,2205.86
2026-06-13,P044,雪中飞亮面羽绒服 X91247009F,731.43,66.91,83.58,25.07,906.99
2026-06-13,P034,胶原蛋白果味饮料50ml10瓶 盒 5,557.79,45.82,80.88,24.26,708.75
2026-06-13,P020,雪花秀限定明星润燥滋盈礼盒,383.58,31.89,53.4,16.02,484.89
2026-06-13,P013,雪花秀明星润燥滋盈礼盒定制版拍1到手共22件,498.85,41.11,53.4,16.02,609.38
2026-06-13,P010,innisfree 悦诗风吟悦享鲜萃面膜深层补水持久保湿滋养柔嫩弹性,215.4,24.43,32.4,9.72,281.95
2026-06-13,P030,蒂佳婷面膜,107.26,10.98,17.4,5.22,140.86
2026-06-13,P021,维达棉韧抽取面巾3层M码100抽,75.18,8.41,7.19,2.16,92.94
2026-06-12,P057,苏泊尔304不锈钢高压锅悦提燃气电磁炉通用1 2 3人,275571.62,23873.33,33715.56,10114.67,343275.18
2026-06-12,P028,SK II 旅行必备套装,96919.28,8411.14,9831.12,2949.34,118110.88
2026-06-12,P041,Apple iPhone 11移动联通电信4G手机 128G黑色,52438.26,4220.26,6148.8,1844.64,64651.96
2026-06-12,P014,中国黄金 投资金条 50克,45986.88,3683.75,4970.98,1491.29,56132.9
2026-06-12,P029,Ubras All in Time无尺码通勤小花漾文胸VII,20217.6,1811.81,2579.01,773.7,25382.12
2026-06-12,P016,Apple iPhone 12 128GB 支持移动联通电信5G 双卡双待手机,7349.64,590.37,815.88,244.76,9000.65
2026-06-12,P012,Apple iPhone 11 128G 移动联通电信4G全网通手机 2020新款,7270.05,585.2,791.58,237.47,8884.3
2026-06-12,P058,蕾丝款色织提花四件套,2782.26,226.18,392.4,117.72,3518.56
2026-06-12,P027,精典泰迪医护级婴儿纸尿裤超薄透气尿不湿拉拉裤,2548.32,261.47,256.32,76.9,3143.01
2026-06-12,P034,胶原蛋白果味饮料50ml10瓶 盒 5,1115.58,91.65,161.76,48.53,1417.52
2026-06-12,P020,雪花秀限定明星润燥滋盈礼盒,767.16,63.77,106.8,32.04,969.77
2026-06-12,P043,第七代雅诗兰黛小棕瓶精华100ml,396.66,32.93,49.73,14.92,494.24
2026-06-12,P053,威露士洗衣液2L 2 500ml 4 300g 1L 60ml 4,199.28,20.74,21.58,6.47,248.07
2026-06-12,P025,AB版撞色超声波可机洗夏被 LRT,138.74,12.3,14.34,4.3,169.68
2026-06-12,P046,雪花秀润致焕活精华肌底液30ml全新保湿补水尝鲜装,61.02,6.08,5.64,1.69,74.43
2026-06-11,P019,中国黄金 财富金条 50克,2862677,229362.16,351480,105444,3548963.16
2026-06-11,P006,Apple iPhone 11 64G 移动联通电信4G全网通手机,64518.22,5189.06,6346.63,1903.99,77957.9
2026-06-11,P043,第七代雅诗兰黛小棕瓶精华100ml,11106.48,922.12,1392.57,417.77,13838.94
2026-06-11,P060,华为 HUAWEI Mate 40 RS 保时捷麒麟9000 8GB 256GB陶瓷白5G手机,13159.5,1055.16,1247.88,374.36,15836.9
2026-06-11,P018,Nintendo Switch任天堂 健身环大冒险游戏套装,3300.33,267.63,467.64,140.29,4175.89
2026-06-11,P057,苏泊尔304不锈钢高压锅悦提燃气电磁炉通用1 2 3人,1990.34,172.43,243.51,73.05,2479.33
2026-06-11,P036,高姿白金修斑焕白臻颜奢养套装 0926,2208.12,191.05,215.28,64.58,2679.03
2026-06-11,P034,胶原蛋白果味饮料50ml10瓶 盒 5,557.79,45.82,80.88,24.26,708.75
2026-06-11,P010,innisfree 悦诗风吟悦享鲜萃面膜深层补水持久保湿滋养柔嫩弹性,143.6,16.29,21.6,6.48,187.97
2026-06-10,P012,Apple iPhone 11 128G 移动联通电信4G全网通手机 2020新款,26656.85,2145.75,2902.46,870.74,32575.8
2026-06-10,P052,LA MER 海蓝之谜 经典精华面霜60ml,13562.78,1111.42,2044.68,613.4,17332.28
2026-06-10,P022,后天气丹花献光彩紧颜系列7件套,14156,1151.68,1526.4,457.92,17292
2026-06-10,P023,维达棉韧抽取面巾3层M码100抽,8718.5,1117.48,1257.9,377.37,11471.25
2026-06-10,P059,小米1 5匹新一级巨省电变频静音睡眠版挂机家用空调KFR 35GW S1A1,2269.22,183.94,263.88,79.16,2796.2
2026-06-10,P044,雪中飞亮面羽绒服 X91247009F,1253.88,114.71,143.28,42.98,1554.85
2026-06-10,P037,A雅鹿 鄂尔多斯纯羊毛六斤秋冬双人被,1024.92,83.19,113.28,33.98,1255.37
2026-06-10,P049,后天气丹7件套348ml,917,75.76,95.4,28.62,1116.78
2026-06-10,P046,雪花秀润致焕活精华肌底液30ml全新保湿补水尝鲜装,976.32,97.31,90.24,27.07,1190.94
2026-06-10,P050,Y04942 碧缘S925银镶碧玉圆珠吊坠,728.78,60.7,71.88,21.56,882.92
2026-06-10,P043,第七代雅诗兰黛小棕瓶精华100ml,396.66,32.93,49.73,14.92,494.24
2026-06-10,P035,鸭鸭2020新款羽绒服男短款加厚保暖DSB07A0030,298.35,27.47,35.82,10.75,372.39
2026-06-10,P026,JMsolution活性睡眠面霜系列,82.16,7.77,13.44,4.03,107.4
2026-06-10,P021,维达棉韧抽取面巾3层M码100抽,112.77,12.62,10.78,3.23,139.4
2026-06-10,P030,蒂佳婷面膜,53.63,5.49,8.7,2.61,70.43
2026-06-10,P002,小南瓜电煮锅宿舍学生锅家用多功能一体锅火锅电炒锅炒菜煮面小锅,54.29,5.54,5.94,1.78,67.55
2026-06-09,P016,Apple iPhone 12 128GB 支持移动联通电信5G 双卡双待手机,47772.66,3837.41,5303.22,1590.97,58504.26
2026-06-09,P028,SK II 旅行必备套装,10257.88,890.23,1040.52,312.16,12500.79
2026-06-09,P037,A雅鹿 鄂尔多斯纯羊毛六斤秋冬双人被,6149.52,499.16,679.68,203.91,7532.27
2026-06-09,P035,鸭鸭2020新款羽绒服男短款加厚保暖DSB07A0030,1292.85,119.03,155.22,46.57,1613.67
2026-06-09,P004,HG DZ D21374 机缘足金吊坠,1147.82,94.23,106.68,32,1380.73
2026-06-09,P024,JMsolution玻尿酸水乳套盒,535.86,45.27,71.88,21.56,674.57
2026-06-09,P055,阿迪达斯官方 adidas 女运动型格梭织长裤DY8696,460.8,48.86,59.4,17.82,586.88
2026-06-09,P029,Ubras All in Time无尺码通勤小花漾文胸VII,374.4,33.55,47.76,14.33,470.04
2026-06-09,P039,erke 鸿星尔克男女情侣款中帮男板鞋休闲鞋11120203531 XM,97.58,9.01,14.94,4.48,126.01
2026-06-09,P025,AB版撞色超声波可机洗夏被 LRT,138.74,12.3,14.34,4.3,169.68
2026-06-08,P056,ZXY 习酒国典白酒 500ML,36460.52,2944.44,4137.24,1241.17,44783.37
2026-06-08,P041,Apple iPhone 11移动联通电信4G手机 128G黑色,19976.48,1607.72,2342.4,702.72,24629.32
2026-06-08,P019,中国黄金 财富金条 50克,9871.3,790.9,1212,363.6,12237.8
2026-06-08,P012,Apple iPhone 11 128G 移动联通电信4G全网通手机 2020新款,2423.35,195.07,263.86,79.16,2961.44
2026-06-08,P009,后天气丹花献光彩紧颜系列礼盒7件套,2593.02,211.04,259.2,77.76,3141.02
2026-06-08,P043,第七代雅诗兰黛小棕瓶精华100ml,396.66,32.93,49.73,14.92,494.24
2026-06-08,P026,JMsolution活性睡眠面霜系列,246.48,23.32,40.32,12.1,322.22
2026-06-08,P057,苏泊尔304不锈钢高压锅悦提燃气电磁炉通用1 2 3人,180.94,15.68,22.14,6.64,225.4
2026-06-08,P035,鸭鸭2020新款羽绒服男短款加厚保暖DSB07A0030,99.45,9.16,11.94,3.58,124.13
2026-06-08,P027,精典泰迪医护级婴儿纸尿裤超薄透气尿不湿拉拉裤,53.09,5.45,5.34,1.6,65.48
2026-06-07,P056,ZXY 习酒国典白酒 500ML,91943.92,7425.11,10433.04,3129.91,112931.98
2026-06-07,P001,Apple iPhone 11 128G 移动联通电信4G全网通手机 2020新款,11939.34,963.55,1931.58,579.47,15413.94
2026-06-07,P057,苏泊尔304不锈钢高压锅悦提燃气电磁炉通用1 2 3人,5066.32,438.91,619.85,185.96,6311.04
2026-06-07,P034,胶原蛋白果味饮料50ml10瓶 盒 5,2788.95,229.12,404.4,121.32,3543.79
2026-06-07,P041,Apple iPhone 11移动联通电信4G手机 128G黑色,2497.06,200.96,292.8,87.84,3078.66
2026-06-07,P059,小米1 5匹新一级巨省电变频静音睡眠版挂机家用空调KFR 35GW S1A1,1134.61,91.97,131.94,39.58,1398.1
2026-06-07,P043,第七代雅诗兰黛小棕瓶精华100ml,793.32,65.87,99.47,29.84,988.5
2026-06-07,P044,雪中飞亮面羽绒服 X91247009F,313.47,28.68,35.82,10.75,388.72
2026-06-07,P028,SK II 旅行必备套装,176.86,15.35,17.94,5.38,215.53
2026-06-07,P053,威露士洗衣液2L 2 500ml 4 300g 1L 60ml 4,149.46,15.56,16.18,4.85,186.05
2026-06-07,P047,戴姆勒珊瑚绒毛巾,38.88,4.31,5.96,1.79,50.94
2026-06-06,P058,蕾丝款色织提花四件套,1695323.76,137819.5,239102.4,71730.72,2143976.38
2026-06-06,P014,中国黄金 投资金条 50克,126463.92,10130.31,13670.19,4101.06,154365.48
2026-06-06,P049,后天气丹7件套348ml,34387.5,2841,3577.5,1073.25,41879.25
2026-06-06,P053,威露士洗衣液2L 2 500ml 4 300g 1L 60ml 4,8021.02,834.88,868.43,260.53,9984.86
2026-06-06,P015,胖虎子安 路易威登 99新 公价10200 202103301613,3788.49,304.28,612,183.6,4888.37
2026-06-06,P029,Ubras All in Time无尺码通勤小花漾文胸VII,4118.4,369.07,525.35,157.61,5170.43
2026-06-06,P056,ZXY 习酒国典白酒 500ML,1585.24,128.02,179.88,53.96,1947.1
2026-06-06,P052,LA MER 海蓝之谜 经典精华面霜60ml,616.49,50.52,92.94,27.88,787.83
2026-06-06,P042,鸭鸭羽绒服2020年新款女中长款过膝DSL06B0030,309.54,25.96,32.35,9.71,377.56
2026-06-06,P035,鸭鸭2020新款羽绒服男短款加厚保暖DSB07A0030,198.9,18.31,23.88,7.16,248.25
2026-06-06,P023,维达棉韧抽取面巾3层M码100抽,49.82,6.39,7.19,2.16,65.56
2026-06-06,P021,维达棉韧抽取面巾3层M码100抽,37.59,4.21,3.59,1.08,46.47
2026-06-05,P057,苏泊尔304不锈钢高压锅悦提燃气电磁炉通用1 2 3人,102412.04,8872.16,12529.88,3758.96,127573.04
2026-06-05,P056,ZXY 习酒国典白酒 500ML,85602.96,6913.04,9713.52,2914.06,105143.58
2026-06-05,P019,中国黄金 财富金条 50克,59227.8,4745.42,7272,2181.6,73426.82
2026-06-05,P040,贵州茅台 飞天茅台白酒 酱香型 500ml,16050.16,1292.41,1679.19,503.76,19525.52
2026-06-05,P045,苹果Apple iPhone 12 5G手机 128G版本,2475.98,199.28,323.94,97.18,3096.38
2026-06-05,P020,雪花秀限定明星润燥滋盈礼盒,1150.74,95.66,160.2,48.06,1454.66
2026-06-05,P011,抗蓝光眼霜 小棕瓶套装,1072.97,87.04,141,42.3,1343.31
2026-06-05,P009,后天气丹花献光彩紧颜系列礼盒7件套,864.34,70.35,86.4,25.92,1047.01
2026-06-05,P054,蒙牛 特仑苏纯牛奶250ml 16包 2箱,124.82,12.39,14.16,4.25,155.62
2026-06-05,P026,JMsolution活性睡眠面霜系列,82.16,7.77,13.44,4.03,107.4
2026-06-05,P047,戴姆勒珊瑚绒毛巾,38.88,4.31,5.96,1.79,50.94
2026-06-05,P010,innisfree 悦诗风吟悦享鲜萃面膜深层补水持久保湿滋养柔嫩弹性,35.9,4.07,5.4,1.62,46.99
2026-06-05,P021,维达棉韧抽取面巾3层M码100抽,37.59,4.21,3.59,1.08,46.47
2026-06-04,P022,后天气丹花献光彩紧颜系列7件套,989150.5,80473.64,106657.2,31997.16,1208278.5
2026-06-04,P058,蕾丝款色织提花四件套,456290.64,37093.65,64353.6,19306.08,577043.97
2026-06-04,P018,Nintendo Switch任天堂 健身环大冒险游戏套装,15401.54,1248.92,2182.32,654.7,19487.48
2026-06-04,P016,Apple iPhone 12 128GB 支持移动联通电信5G 双卡双待手机,3674.82,295.19,407.94,122.38,4500.33
2026-06-04,P059,小米1 5匹新一级巨省电变频静音睡眠版挂机家用空调KFR 35GW S1A1,2269.22,183.94,263.88,79.16,2796.2
2026-06-04,P033,哆啦哈蕾艺术家系列拉拉裤,1408.96,146.32,149.52,44.86,1749.66
2026-06-04,P011,抗蓝光眼霜 小棕瓶套装,1072.97,87.04,141,42.3,1343.31
2026-06-04,P042,鸭鸭羽绒服2020年新款女中长款过膝DSL06B0030,619.08,51.93,64.7,19.41,755.12
2026-06-04,P027,精典泰迪医护级婴儿纸尿裤超薄透气尿不湿拉拉裤,53.09,5.45,5.34,1.6,65.48
2026-06-03,P008,Apple iPhone 11 移动联通电信4G手机,2152823.66,173333.49,265768.62,79730.59,2671656.36
2026-06-03,P015,胖虎子安 路易威登 99新 公价10200 202103301613,606158.4,48684.67,97920,29376,782139.07
2026-06-03,P052,LA MER 海蓝之谜 经典精华面霜60ml,50552.18,4142.57,7621.08,2286.32,64602.15
2026-06-03,P020,雪花秀限定明星润燥滋盈礼盒,2301.48,191.32,320.4,96.12,2909.32
2026-06-03,P032,AOEO阿纯生日会421大套盒,1713.39,140.67,197.64,59.29,2110.99
2026-06-03,P026,JMsolution活性睡眠面霜系列,1150.24,108.82,188.17,56.45,1503.68
2026-06-03,P024,JMsolution玻尿酸水乳套盒,1339.65,113.17,179.7,53.91,1686.43
2026-06-03,P051,WIS水润面膜 补水保湿玻尿酸清洁,35.59,4.05,5.39,1.62,46.65
2026-06-02,P011,抗蓝光眼霜 小棕瓶套装,241418.25,19583.46,31725,9517.5,302244.21
2026-06-02,P005,苹果Apple iPhone 11 全网通4G手机 双卡双待,71295.9,5734.87,7052.07,2115.62,86198.46
2026-06-02,P012,Apple iPhone 11 128G 移动联通电信4G全网通手机 2020新款,9693.4,780.27,1055.44,316.63,11845.74
2026-06-02,P037,A雅鹿 鄂尔多斯纯羊毛六斤秋冬双人被,6149.52,499.16,679.68,203.91,7532.27
2026-06-02,P008,Apple iPhone 11 移动联通电信4G手机,4664.84,375.59,575.88,172.76,5789.07
2026-06-02,P032,AOEO阿纯生日会421大套盒,1713.39,140.67,197.64,59.29,2110.99
2026-06-02,P042,鸭鸭羽绒服2020年新款女中长款过膝DSL06B0030,928.62,77.89,97.05,29.12,1132.68
2026-06-02,P022,后天气丹花献光彩紧颜系列7件套,884.75,71.98,95.4,28.62,1080.75
2026-06-02,P009,后天气丹花献光彩紧颜系列礼盒7件套,864.34,70.35,86.4,25.92,1047.01
2026-06-02,P013,雪花秀明星润燥滋盈礼盒定制版拍1到手共22件,498.85,41.11,53.4,16.02,609.38
2026-06-02,P024,JMsolution玻尿酸水乳套盒,267.93,22.63,35.94,10.78,337.28
2026-06-02,P039,erke 鸿星尔克男女情侣款中帮男板鞋休闲鞋11120203531 XM,195.16,18.01,29.88,8.96,252.01
2026-06-01,P007,苹果 Apple iPhone 12 全网通5G,31079,2498.32,4018.51,1205.55,38801.38
2026-06-01,P057,苏泊尔304不锈钢高压锅悦提燃气电磁炉通用1 2 3人,13932.38,1206.99,1704.6,511.38,17355.35
2026-06-01,P006,Apple iPhone 11 64G 移动联通电信4G全网通手机,16830.84,1353.67,1655.64,496.69,20336.84
2026-06-01,P052,LA MER 海蓝之谜 经典精华面霜60ml,7397.88,606.23,1115.28,334.58,9453.97
2026-06-01,P005,苹果Apple iPhone 11 全网通4G手机 双卡双待,2742.15,220.57,271.23,81.37,3315.32
2026-06-01,P039,erke 鸿星尔克男女情侣款中帮男板鞋休闲鞋11120203531 XM,1463.7,135.1,224.09,67.23,1890.12
2026-06-01,P054,蒙牛 特仑苏纯牛奶250ml 16包 2箱,1435.43,142.43,162.84,48.85,1789.55
2026-06-01,P059,小米1 5匹新一级巨省电变频静音睡眠版挂机家用空调KFR 35GW S1A1,1134.61,91.97,131.94,39.58,1398.1
2026-06-01,P025,AB版撞色超声波可机洗夏被 LRT,1109.92,98.39,114.72,34.42,1357.45
2026-06-01,P028,SK II 旅行必备套装,1061.16,92.09,107.64,32.29,1293.18
2026-06-01,P034,胶原蛋白果味饮料50ml10瓶 盒 5,557.79,45.82,80.88,24.26,708.75
2026-06-01,P035,鸭鸭2020新款羽绒服男短款加厚保暖DSB07A0030,99.45,9.16,11.94,3.58,124.13
2026-06-01,P055,阿迪达斯官方 adidas 女运动型格梭织长裤DY8696,92.16,9.77,11.88,3.56,117.37
2026-06-01,P047,戴姆勒珊瑚绒毛巾,38.88,4.31,5.96,1.79,50.94
2026-05-31,P001,Apple iPhone 11 128G 移动联通电信4G全网通手机 2020新款,73341.66,5918.93,11865.42,3559.63,94685.64
2026-05-31,P004,HG DZ D21374 机缘足金吊坠,64851.83,5323.75,6027.42,1808.23,78011.23
2026-05-31,P008,Apple iPhone 11 移动联通电信4G手机,23324.2,1877.94,2879.4,863.82,28945.36
2026-05-31,P053,威露士洗衣液2L 2 500ml 4 300g 1L 60ml 4,13650.68,1420.85,1477.96,443.39,16992.88
2026-05-31,P054,蒙牛 特仑苏纯牛奶250ml 16包 2箱,7801.25,774.1,885,265.5,9725.85
2026-05-31,P007,苹果 Apple iPhone 12 全网通5G,6215.8,499.66,803.7,241.11,7760.27
2026-05-31,P058,蕾丝款色织提花四件套,927.42,75.39,130.8,39.24,1172.85
2026-05-31,P024,JMsolution玻尿酸水乳套盒,267.93,22.63,35.94,10.78,337.28
2026-05-30,P030,蒂佳婷面膜,12603.05,1290.24,2044.5,613.35,16551.14
2026-05-30,P007,苹果 Apple iPhone 12 全网通5G,12431.6,999.33,1607.4,482.22,15520.55
2026-05-30,P013,雪花秀明星润燥滋盈礼盒定制版拍1到手共22件,2993.1,246.65,320.37,96.11,3656.23
2026-05-30,P052,LA MER 海蓝之谜 经典精华面霜60ml,1232.98,101.04,185.88,55.76,1575.66
2026-05-30,P018,Nintendo Switch任天堂 健身环大冒险游戏套装,1100.11,89.21,155.88,46.76,1391.96
2026-05-30,P043,第七代雅诗兰黛小棕瓶精华100ml,396.66,32.93,49.73,14.92,494.24
2026-05-30,P047,戴姆勒珊瑚绒毛巾,77.76,8.62,11.92,3.57,101.87
2026-05-30,P017,蒂佳婷面膜,18.88,2.71,2.22,0.67,24.48
2026-05-29,P012,Apple iPhone 11 128G 移动联通电信4G全网通手机 2020新款,828785.7,66713.26,90240.19,27072.06,1012811.21
2026-05-29,P032,AOEO阿纯生日会421大套盒,625387.35,51344.99,72138.6,21641.58,770512.52
2026-05-29,P059,小米1 5匹新一级巨省电变频静音睡眠版挂机家用空调KFR 35GW S1A1,139557.03,11312.16,16228.62,4868.59,171966.4
2026-05-29,P013,雪花秀明星润燥滋盈礼盒定制版拍1到手共22件,27436.75,2260.94,2936.77,881.03,33515.49
2026-05-29,P048,苹果 Apple iPhone 11 128GB 新包装,8843.48,712.28,1065.36,319.61,10940.73
2026-05-29,P037,A雅鹿 鄂尔多斯纯羊毛六斤秋冬双人被,9224.28,748.74,1019.53,305.86,11298.41
2026-05-29,P006,Apple iPhone 11 64G 移动联通电信4G全网通手机,2805.14,225.61,275.94,82.78,3389.47
2026-05-29,P018,Nintendo Switch任天堂 健身环大冒险游戏套装,1100.11,89.21,155.88,46.76,1391.96
2026-05-29,P020,雪花秀限定明星润燥滋盈礼盒,767.16,63.77,106.8,32.04,969.77
2026-05-29,P053,威露士洗衣液2L 2 500ml 4 300g 1L 60ml 4,149.46,15.56,16.18,4.85,186.05
2026-05-29,P025,AB版撞色超声波可机洗夏被 LRT,138.74,12.3,14.34,4.3,169.68
2026-05-29,P017,蒂佳婷面膜,37.76,5.42,4.44,1.33,48.95
2026-05-28,P041,Apple iPhone 11移动联通电信4G手机 128G黑色,127350.06,10249.2,14932.8,4479.84,157011.9
2026-05-28,P038,胖虎子安 路易威登 99新 公价10200 992011270054,4004.22,321.54,611.55,183.46,5120.77
2026-05-28,P049,后天气丹7件套348ml,5502,454.56,572.4,171.72,6700.68
2026-05-28,P012,Apple iPhone 11 128G 移动联通电信4G全网通手机 2020新款,4846.7,390.14,527.72,158.32,5922.88
2026-05-28,P026,JMsolution活性睡眠面霜系列,1889.68,178.77,309.13,92.74,2470.32
2026-05-28,P013,雪花秀明星润燥滋盈礼盒定制版拍1到手共22件,2494.25,205.54,266.98,80.09,3046.86
2026-05-28,P039,erke 鸿星尔克男女情侣款中帮男板鞋休闲鞋11120203531 XM,780.64,72.05,119.52,35.85,1008.06
2026-05-28,P052,LA MER 海蓝之谜 经典精华面霜60ml,616.49,50.52,92.94,27.88,787.83
2026-05-28,P034,胶原蛋白果味饮料50ml10瓶 盒 5,557.79,45.82,80.88,24.26,708.75
2026-05-28,P020,雪花秀限定明星润燥滋盈礼盒,383.58,31.89,53.4,16.02,484.89
2026-05-28,P029,Ubras All in Time无尺码通勤小花漾文胸VII,249.6,22.37,31.84,9.55,313.36
2026-05-28,P053,威露士洗衣液2L 2 500ml 4 300g 1L 60ml 4,149.46,15.56,16.18,4.85,186.05
2026-05-28,P054,蒙牛 特仑苏纯牛奶250ml 16包 2箱,124.82,12.39,14.16,4.25,155.62
2026-05-28,P002,小南瓜电煮锅宿舍学生锅家用多功能一体锅火锅电炒锅炒菜煮面小锅,108.58,11.09,11.88,3.56,135.11
2026-05-28,P047,戴姆勒珊瑚绒毛巾,38.88,4.31,5.96,1.79,50.94
2026-05-27,P018,Nintendo Switch任天堂 健身环大冒险游戏套装,44004.4,3568.35,6235.2,1870.56,55678.51
2026-05-27,P022,后天气丹花献光彩紧颜系列7件套,22118.75,1799.5,2385,715.5,27018.75
2026-05-27,P037,A雅鹿 鄂尔多斯纯羊毛六斤秋冬双人被,5124.6,415.97,566.4,169.92,6276.89
2026-05-27,P045,苹果Apple iPhone 12 5G手机 128G版本,2475.98,199.28,323.94,97.18,3096.38
2026-05-27,P058,蕾丝款色织提花四件套,927.42,75.39,130.8,39.24,1172.85
2026-05-27,P049,后天气丹7件套348ml,458.5,37.88,47.7,14.31,558.39
2026-05-27,P044,雪中飞亮面羽绒服 X91247009F,313.47,28.68,35.82,10.75,388.72
2026-05-27,P026,JMsolution活性睡眠面霜系列,82.16,7.77,13.44,4.03,107.4
2026-05-26,P037,A雅鹿 鄂尔多斯纯羊毛六斤秋冬双人被,228557.16,18552.17,25261.57,7578.47,279949.37
2026-05-26,P005,苹果Apple iPhone 11 全网通4G手机 双卡双待,120654.6,9705.17,11934.28,3580.28,145874.33
2026-05-26,P008,Apple iPhone 11 移动联通电信4G手机,23324.2,1877.94,2879.4,863.82,28945.36
2026-05-26,P003,Apple iPhone 11 64G 移动联通电信4G全网通手机 2020新款,26762.5,2153,2759.4,827.82,32502.72
2026-05-26,P041,Apple iPhone 11移动联通电信4G手机 128G黑色,19976.48,1607.72,2342.4,702.72,24629.32
2026-05-26,P022,后天气丹花献光彩紧颜系列7件套,12386.5,1007.72,1335.6,400.68,15130.5
2026-05-26,P043,第七代雅诗兰黛小棕瓶精华100ml,10313.16,856.25,1293.1,387.93,12850.44
2026-05-26,P019,中国黄金 财富金条 50克,9871.3,790.9,1212,363.6,12237.8
2026-05-26,P057,苏泊尔304不锈钢高压锅悦提燃气电磁炉通用1 2 3人,9408.88,815.11,1151.16,345.35,11720.5
2026-05-26,P046,雪花秀润致焕活精华肌底液30ml全新保湿补水尝鲜装,2806.92,279.75,259.44,77.83,3423.94
2026-05-26,P029,Ubras All in Time无尺码通勤小花漾文胸VII,1123.2,100.66,143.28,42.98,1410.12
2026-05-26,P023,维达棉韧抽取面巾3层M码100抽,74.73,9.58,10.78,3.23,98.32
2026-05-25,P031,HG DZ D21372 鲸波足金吊坠,19919.92,1634.39,1915.56,574.67,24044.54
2026-05-25,P016,Apple iPhone 12 128GB 支持移动联通电信5G 双卡双待手机,14699.28,1180.74,1631.76,489.53,18001.31
2026-05-25,P032,AOEO阿纯生日会421大套盒,6282.43,515.79,724.68,217.4,7740.3
2026-05-25,P048,苹果 Apple iPhone 11 128GB 新包装,4421.74,356.14,532.68,159.8,5470.36
2026-05-25,P020,雪花秀限定明星润燥滋盈礼盒,1150.74,95.66,160.2,48.06,1454.66
2026-05-25,P009,后天气丹花献光彩紧颜系列礼盒7件套,864.34,70.35,86.4,25.92,1047.01
2026-05-25,P039,erke 鸿星尔克男女情侣款中帮男板鞋休闲鞋11120203531 XM,97.58,9.01,14.94,4.48,126.01
2026-05-25,P021,维达棉韧抽取面巾3层M码100抽,150.36,16.83,14.38,4.31,185.88
2026-05-24,P012,Apple iPhone 11 128G 移动联通电信4G全网通手机 2020新款,230218.25,18531.46,25066.72,7520.02,281336.45
2026-05-24,P019,中国黄金 财富金条 50克,19742.6,1581.81,2424,727.2,24475.61
2026-05-24,P060,华为 HUAWEI Mate 40 RS 保时捷麒麟9000 8GB 256GB陶瓷白5G手机,13159.5,1055.16,1247.88,374.36,15836.9
2026-05-24,P059,小米1 5匹新一级巨省电变频静音睡眠版挂机家用空调KFR 35GW S1A1,10211.49,827.72,1187.46,356.24,12582.91
2026-05-24,P048,苹果 Apple iPhone 11 128GB 新包装,4421.74,356.14,532.68,159.8,5470.36
2026-05-24,P007,苹果 Apple iPhone 12 全网通5G,3107.9,249.83,401.85,120.56,3880.14
2026-05-24,P003,Apple iPhone 11 64G 移动联通电信4G全网通手机 2020新款,2676.25,215.3,275.94,82.78,3250.27
2026-05-24,P034,胶原蛋白果味饮料50ml10瓶 盒 5,1673.37,137.47,242.64,72.79,2126.27
2026-05-24,P050,Y04942 碧缘S925银镶碧玉圆珠吊坠,1093.17,91.05,107.82,32.35,1324.39
2026-05-24,P035,鸭鸭2020新款羽绒服男短款加厚保暖DSB07A0030,99.45,9.16,11.94,3.58,124.13
2026-05-24,P046,雪花秀润致焕活精华肌底液30ml全新保湿补水尝鲜装,122.04,12.16,11.28,3.38,148.86
2026-05-24,P053,威露士洗衣液2L 2 500ml 4 300g 1L 60ml 4,49.82,5.19,5.39,1.62,62.02
2026-05-24,P023,维达棉韧抽取面巾3层M码100抽,24.91,3.19,3.59,1.08,32.77
2026-05-23,P041,Apple iPhone 11移动联通电信4G手机 128G黑色,367067.82,29541.83,43041.6,12912.48,452563.73
2026-05-23,P014,中国黄金 投资金条 50克,103470.48,8288.44,11184.7,3355.41,126299.03
2026-05-23,P016,Apple iPhone 12 128GB 支持移动联通电信5G 双卡双待手机,22048.92,1771.11,2447.64,734.29,27001.96
2026-05-23,P043,第七代雅诗兰黛小棕瓶精华100ml,9123.18,757.45,1143.9,343.17,11367.7
2026-05-23,P036,高姿白金修斑焕白臻颜奢养套装 0926,9568.52,827.88,932.88,279.86,11609.14
2026-05-23,P042,鸭鸭羽绒服2020年新款女中长款过膝DSL06B0030,7428.96,623.12,776.4,232.92,9061.4
2026-05-23,P032,AOEO阿纯生日会421大套盒,5140.17,422.01,592.92,177.88,6332.98
2026-05-23,P006,Apple iPhone 11 64G 移动联通电信4G全网通手机,5610.28,451.22,551.88,165.56,6778.94
2026-05-23,P030,蒂佳婷面膜,2520.61,258.05,408.9,122.67,3310.23
2026-05-23,P029,Ubras All in Time无尺码通勤小花漾文胸VII,1747.2,156.58,222.88,66.86,2193.52
2026-05-23,P009,后天气丹花献光彩紧颜系列礼盒7件套,864.34,70.35,86.4,25.92,1047.01
2026-05-23,P020,雪花秀限定明星润燥滋盈礼盒,383.58,31.89,53.4,16.02,484.89
2026-05-23,P057,苏泊尔304不锈钢高压锅悦提燃气电磁炉通用1 2 3人,361.88,31.35,44.28,13.28,450.79
2026-05-23,P026,JMsolution活性睡眠面霜系列,164.32,15.55,26.88,8.06,214.81
2026-05-23,P028,SK II 旅行必备套装,176.86,15.35,17.94,5.38,215.53
2026-05-23,P017,蒂佳婷面膜,113.28,16.26,13.32,4,146.86
2026-05-23,P033,哆啦哈蕾艺术家系列拉拉裤,100.64,10.45,10.68,3.2,124.97
2026-05-23,P046,雪花秀润致焕活精华肌底液30ml全新保湿补水尝鲜装,61.02,6.08,5.64,1.69,74.43
2026-05-22,P058,蕾丝款色织提花四件套,17620.98,1432.48,2485.2,745.56,22284.22
2026-05-22,P037,A雅鹿 鄂尔多斯纯羊毛六斤秋冬双人被,5124.6,415.97,566.4,169.92,6276.89
2026-05-22,P011,抗蓝光眼霜 小棕瓶套装,3218.91,261.11,423,126.9,4029.92
2026-05-22,P032,AOEO阿纯生日会421大套盒,2855.65,234.45,329.4,98.82,3518.32
2026-05-22,P004,HG DZ D21374 机缘足金吊坠,1147.82,94.23,106.68,32,1380.73
2026-05-22,P030,蒂佳婷面膜,589.93,60.39,95.7,28.71,774.73
